Task,space,Dataset,fw_source,p,K,mu_used,kNN_graph,edge_metrics,RelRMSE_orig_pct,R2,best_epoch,best_lr,weights_path,weights_dim,weights_top10,results_csv,run_folder
AGE,VAEz15,female_80pct,age_c,2,5,0.028284271,10,l2,46.41881232,0.355892299,50,0.000763174,/scratch/gsunka1/TDA_guoji/PGNN_ALL_RESULTS_mar30age_VAE_L2_WEIGHTS/female_pgnn_target-AGE_l2_fw-age_c_80pct_knn10_VAEz15/age/VAEz15_feature_weights_age_power1_knn10.npy,15,"5:1.633, 7:1.548, 8:1.359, 12:1.335, 14:1.294, 2:1.188, 13:1.18, 11:1.082, 0:0.9166, 4:0.7767",/scratch/gsunka1/TDA_guoji/PGNN_ALL_RESULTS_mar30age_VAE_L2_WEIGHTS/female_pgnn_target-AGE_l2_fw-age_c_80pct_knn10_VAEz15/age/results_knn10_l2_fw-age_c_K5_p2.0_mu0.0283_VAEz15.csv,female_pgnn_target-AGE_l2_fw-age_c_80pct_knn10_VAEz15
AGE,VAEz15,female_80pct,age_c2,1000000,3200,1.77E-18,35,l2,47.00996165,0.33938223,113,0.003179688,/scratch/gsunka1/TDA_guoji/PGNN_ALL_RESULTS_mar30age_VAE_L2_WEIGHTS/female_pgnn_target-AGE_l2_fw-age_c2_80pct_knn35_VAEz15/age/VAEz15_feature_weights_age_power2_knn35.npy,15,"5:2.303, 7:2.07, 8:1.594, 12:1.539, 14:1.446, 2:1.219, 13:1.203, 11:1.01, 0:0.7255, 4:0.521",/scratch/gsunka1/TDA_guoji/PGNN_ALL_RESULTS_mar30age_VAE_L2_WEIGHTS/female_pgnn_target-AGE_l2_fw-age_c2_80pct_knn35_VAEz15/age/results_knn35_l2_fw-age_c2_K3200_p1000000.0_mu1.77e-18_VAEz15.csv,female_pgnn_target-AGE_l2_fw-age_c2_80pct_knn35_VAEz15
AGE,VAEz15,female_80pct,alm_c,10000,800,3.54E-13,35,l2,46.67051418,0.348888096,52,0.000815947,/scratch/gsunka1/TDA_guoji/PGNN_ALL_RESULTS_mar30age_VAE_L2_WEIGHTS/female_pgnn_target-AGE_l2_fw-alm_c_80pct_knn35_VAEz15/age/VAEz15_feature_weights_alm_power1_knn35.npy,15,"0:1.243, 3:1.228, 14:1.223, 2:1.217, 13:1.161, 12:1.137, 8:1.128, 5:1.094, 9:1.032, 1:0.9774",/scratch/gsunka1/TDA_guoji/PGNN_ALL_RESULTS_mar30age_VAE_L2_WEIGHTS/female_pgnn_target-AGE_l2_fw-alm_c_80pct_knn35_VAEz15/age/results_knn35_l2_fw-alm_c_K800_p10000.0_mu3.54e-13_VAEz15.csv,female_pgnn_target-AGE_l2_fw-alm_c_80pct_knn35_VAEz15
AGE,VAEz15,female_80pct,alm_c2,5,30,0.001732051,30,l2,47.09808889,0.336903072,46,0.000663292,/scratch/gsunka1/TDA_guoji/PGNN_ALL_RESULTS_mar30age_VAE_L2_WEIGHTS/female_pgnn_target-AGE_l2_fw-alm_c2_80pct_knn30_VAEz15/age/VAEz15_feature_weights_alm_power2_knn30.npy,15,"0:1.461, 3:1.427, 14:1.416, 2:1.402, 13:1.275, 12:1.223, 8:1.205, 5:1.132, 9:1.008, 1:0.9039",/scratch/gsunka1/TDA_guoji/PGNN_ALL_RESULTS_mar30age_VAE_L2_WEIGHTS/female_pgnn_target-AGE_l2_fw-alm_c2_80pct_knn30_VAEz15/age/results_knn30_l2_fw-alm_c2_K30_p5.0_mu0.00173_VAEz15.csv,female_pgnn_target-AGE_l2_fw-alm_c2_80pct_knn30_VAEz15
AGE,VAEz15,female_80pct,bfp_c,10,40,5.00E-05,2,l2,46.97958045,0.340235868,42,0.000571106,/scratch/gsunka1/TDA_guoji/PGNN_ALL_RESULTS_mar30age_VAE_L2_WEIGHTS/female_pgnn_target-AGE_l2_fw-bfp_c_80pct_knn2_VAEz15/age/VAEz15_feature_weights_bfp_power1_knn2.npy,15,"12:1.448, 7:1.438, 11:1.412, 8:1.402, 13:1.336, 5:1.274, 2:1.25, 14:1.23, 0:1.154, 9:0.9953",/scratch/gsunka1/TDA_guoji/PGNN_ALL_RESULTS_mar30age_VAE_L2_WEIGHTS/female_pgnn_target-AGE_l2_fw-bfp_c_80pct_knn2_VAEz15/age/results_knn2_l2_fw-bfp_c_K40_p10.0_mu5e-05_VAEz15.csv,female_pgnn_target-AGE_l2_fw-bfp_c_80pct_knn2_VAEz15
AGE,VAEz15,female_80pct,bfp_c2,1000000,3200,1.77E-18,10,l2,45.73123776,0.374832549,150,0.00505,/scratch/gsunka1/TDA_guoji/PGNN_ALL_RESULTS_mar30age_VAE_L2_WEIGHTS/female_pgnn_target-AGE_l2_fw-bfp_c2_80pct_knn10_VAEz15/age/VAEz15_feature_weights_bfp_power2_knn10.npy,15,"12:1.709, 7:1.686, 11:1.626, 8:1.602, 13:1.455, 5:1.324, 2:1.273, 14:1.234, 0:1.085, 9:0.8076",/scratch/gsunka1/TDA_guoji/PGNN_ALL_RESULTS_mar30age_VAE_L2_WEIGHTS/female_pgnn_target-AGE_l2_fw-bfp_c2_80pct_knn10_VAEz15/age/results_knn10_l2_fw-bfp_c2_K3200_p1000000.0_mu1.77e-18_VAEz15.csv,female_pgnn_target-AGE_l2_fw-bfp_c2_80pct_knn10_VAEz15
AGE,VAEz15,female_80pct,bmd_c,5,15,0.00244949,40,l2,46.91124678,0.342153761,48,0.000712282,/scratch/gsunka1/TDA_guoji/PGNN_ALL_RESULTS_mar30age_VAE_L2_WEIGHTS/female_pgnn_target-AGE_l2_fw-bmd_c_80pct_knn40_VAEz15/age/VAEz15_feature_weights_bmd_power1_knn40.npy,15,"14:1.273, 2:1.187, 3:1.183, 8:1.178, 5:1.163, 0:1.142, 12:1.099, 13:1.065, 1:1.06, 7:0.9889",/scratch/gsunka1/TDA_guoji/PGNN_ALL_RESULTS_mar30age_VAE_L2_WEIGHTS/female_pgnn_target-AGE_l2_fw-bmd_c_80pct_knn40_VAEz15/age/results_knn40_l2_fw-bmd_c_K15_p5.0_mu0.00245_VAEz15.csv,female_pgnn_target-AGE_l2_fw-bmd_c_80pct_knn40_VAEz15
AGE,VAEz15,female_80pct,bmd_c2,2,5,0.028284271,2,l2,46.99799982,0.339718401,48,0.000712282,/scratch/gsunka1/TDA_guoji/PGNN_ALL_RESULTS_mar30age_VAE_L2_WEIGHTS/female_pgnn_target-AGE_l2_fw-bmd_c2_80pct_knn2_VAEz15/age/VAEz15_feature_weights_bmd_power2_knn2.npy,15,"14:1.541, 2:1.34, 3:1.33, 8:1.319, 5:1.285, 0:1.24, 12:1.148, 13:1.077, 1:1.067, 7:0.9296",/scratch/gsunka1/TDA_guoji/PGNN_ALL_RESULTS_mar30age_VAE_L2_WEIGHTS/female_pgnn_target-AGE_l2_fw-bmd_c2_80pct_knn2_VAEz15/age/results_knn2_l2_fw-bmd_c2_K5_p2.0_mu0.0283_VAEz15.csv,female_pgnn_target-AGE_l2_fw-bmd_c2_80pct_knn2_VAEz15
AGE,VAEz15,female_80pct,none,100,200,7.07E-08,35,l2,46.14864962,0.363368034,107,0.002895606,,0,,/scratch/gsunka1/TDA_guoji/PGNN_ALL_RESULTS_mar30age_VAE_L2_WEIGHTS/female_pgnn_target-AGE_l2_fw-none_80pct_knn35_VAEz15/age/results_knn35_l2_fw-none_K200_p100.0_mu7.07e-08_VAEz15.csv,female_pgnn_target-AGE_l2_fw-none_80pct_knn35_VAEz15
AGE,VAEz15,male_80pct,age_c,2,5,0.028284271,20,l2,40.59446315,0.537029096,58,0.000985311,/scratch/gsunka1/TDA_guoji/PGNN_ALL_RESULTS_mar30age_VAE_L2_WEIGHTS/male_pgnn_target-AGE_l2_fw-age_c_80pct_knn20_VAEz15/age/VAEz15_feature_weights_age_power1_knn20.npy,15,"13:1.229, 5:1.225, 4:1.2, 12:1.169, 7:1.165, 2:1.142, 14:1.133, 0:1.113, 1:1.082, 9:1.038",/scratch/gsunka1/TDA_guoji/PGNN_ALL_RESULTS_mar30age_VAE_L2_WEIGHTS/male_pgnn_target-AGE_l2_fw-age_c_80pct_knn20_VAEz15/age/results_knn20_l2_fw-age_c_K5_p2.0_mu0.0283_VAEz15.csv,male_pgnn_target-AGE_l2_fw-age_c_80pct_knn20_VAEz15
AGE,VAEz15,male_80pct,age_c2,1000000,1600,2.50E-18,15,l2,40.76879617,0.533044107,53,0.000843031,/scratch/gsunka1/TDA_guoji/PGNN_ALL_RESULTS_mar30age_VAE_L2_WEIGHTS/male_pgnn_target-AGE_l2_fw-age_c2_80pct_knn15_VAEz15/age/VAEz15_feature_weights_age_power2_knn15.npy,15,"13:1.41, 5:1.401, 4:1.345, 12:1.276, 7:1.267, 2:1.218, 14:1.198, 0:1.157, 1:1.094, 9:1.005",/scratch/gsunka1/TDA_guoji/PGNN_ALL_RESULTS_mar30age_VAE_L2_WEIGHTS/male_pgnn_target-AGE_l2_fw-age_c2_80pct_knn15_VAEz15/age/results_knn15_l2_fw-age_c2_K1600_p1000000.0_mu2.5e-18_VAEz15.csv,male_pgnn_target-AGE_l2_fw-age_c2_80pct_knn15_VAEz15
AGE,VAEz15,male_80pct,alm_c,10000,800,3.54E-13,20,l2,40.63953253,0.536000518,56,0.00092704,/scratch/gsunka1/TDA_guoji/PGNN_ALL_RESULTS_mar30age_VAE_L2_WEIGHTS/male_pgnn_target-AGE_l2_fw-alm_c_80pct_knn20_VAEz15/age/VAEz15_feature_weights_alm_power1_knn20.npy,15,"1:1.212, 0:1.208, 12:1.198, 4:1.198, 2:1.187, 3:1.177, 14:1.173, 5:1.167, 13:1.165, 7:1.114",/scratch/gsunka1/TDA_guoji/PGNN_ALL_RESULTS_mar30age_VAE_L2_WEIGHTS/male_pgnn_target-AGE_l2_fw-alm_c_80pct_knn20_VAEz15/age/results_knn20_l2_fw-alm_c_K800_p10000.0_mu3.54e-13_VAEz15.csv,male_pgnn_target-AGE_l2_fw-alm_c_80pct_knn20_VAEz15
AGE,VAEz15,male_80pct,alm_c2,100,100,1.00E-07,2,l2,40.35761224,0.542415813,53,0.000843031,/scratch/gsunka1/TDA_guoji/PGNN_ALL_RESULTS_mar30age_VAE_L2_WEIGHTS/male_pgnn_target-AGE_l2_fw-alm_c2_80pct_knn2_VAEz15/age/VAEz15_feature_weights_alm_power2_knn2.npy,15,"1:1.312, 0:1.304, 12:1.282, 4:1.282, 2:1.26, 3:1.237, 14:1.229, 5:1.218, 13:1.212, 7:1.109",/scratch/gsunka1/TDA_guoji/PGNN_ALL_RESULTS_mar30age_VAE_L2_WEIGHTS/male_pgnn_target-AGE_l2_fw-alm_c2_80pct_knn2_VAEz15/age/results_knn2_l2_fw-alm_c2_K100_p100.0_mu1e-07_VAEz15.csv,male_pgnn_target-AGE_l2_fw-alm_c2_80pct_knn2_VAEz15
AGE,VAEz15,male_80pct,bfp_c,5,15,0.00244949,40,l2,40.89159367,0.530226889,39,0.000507115,/scratch/gsunka1/TDA_guoji/PGNN_ALL_RESULTS_mar30age_VAE_L2_WEIGHTS/male_pgnn_target-AGE_l2_fw-bfp_c_80pct_knn40_VAEz15/age/VAEz15_feature_weights_bfp_power1_knn40.npy,15,"11:1.887, 10:1.635, 7:1.351, 13:1.126, 9:1.077, 14:1.021, 8:0.9711, 12:0.9296, 4:0.9117, 3:0.8833",/scratch/gsunka1/TDA_guoji/PGNN_ALL_RESULTS_mar30age_VAE_L2_WEIGHTS/male_pgnn_target-AGE_l2_fw-bfp_c_80pct_knn40_VAEz15/age/results_knn40_l2_fw-bfp_c_K15_p5.0_mu0.00245_VAEz15.csv,male_pgnn_target-AGE_l2_fw-bfp_c_80pct_knn40_VAEz15
AGE,VAEz15,male_80pct,bfp_c2,2,5,0.028284271,2,l2,40.730466,0.533921747,42,0.000571106,/scratch/gsunka1/TDA_guoji/PGNN_ALL_RESULTS_mar30age_VAE_L2_WEIGHTS/male_pgnn_target-AGE_l2_fw-bfp_c2_80pct_knn2_VAEz15/age/VAEz15_feature_weights_bfp_power2_knn2.npy,15,"11:3.058, 10:2.296, 7:1.568, 13:1.089, 9:0.9967, 14:0.8951, 8:0.8099, 12:0.7421, 4:0.7139, 3:0.6701",/scratch/gsunka1/TDA_guoji/PGNN_ALL_RESULTS_mar30age_VAE_L2_WEIGHTS/male_pgnn_target-AGE_l2_fw-bfp_c2_80pct_knn2_VAEz15/age/results_knn2_l2_fw-bfp_c2_K5_p2.0_mu0.0283_VAEz15.csv,male_pgnn_target-AGE_l2_fw-bfp_c2_80pct_knn2_VAEz15
AGE,VAEz15,male_80pct,bmd_c,100,200,7.07E-08,5,l2,40.49507695,0.539293286,55,0.000898581,/scratch/gsunka1/TDA_guoji/PGNN_ALL_RESULTS_mar30age_VAE_L2_WEIGHTS/male_pgnn_target-AGE_l2_fw-bmd_c_80pct_knn5_VAEz15/age/VAEz15_feature_weights_bmd_power1_knn5.npy,15,"4:1.239, 0:1.227, 12:1.221, 1:1.215, 5:1.212, 14:1.206, 2:1.188, 13:1.187, 9:1.136, 3:1.129",/scratch/gsunka1/TDA_guoji/PGNN_ALL_RESULTS_mar30age_VAE_L2_WEIGHTS/male_pgnn_target-AGE_l2_fw-bmd_c_80pct_knn5_VAEz15/age/results_knn5_l2_fw-bmd_c_K200_p100.0_mu7.07e-08_VAEz15.csv,male_pgnn_target-AGE_l2_fw-bmd_c_80pct_knn5_VAEz15
AGE,VAEz15,male_80pct,bmd_c2,5,30,0.001732051,5,l2,39.98909861,0.550734248,65,0.001203127,/scratch/gsunka1/TDA_guoji/PGNN_ALL_RESULTS_mar30age_VAE_L2_WEIGHTS/male_pgnn_target-AGE_l2_fw-bmd_c2_80pct_knn5_VAEz15/age/VAEz15_feature_weights_bmd_power2_knn5.npy,15,"4:1.334, 0:1.31, 12:1.295, 1:1.283, 5:1.276, 14:1.264, 2:1.226, 13:1.225, 9:1.121, 3:1.108",/scratch/gsunka1/TDA_guoji/PGNN_ALL_RESULTS_mar30age_VAE_L2_WEIGHTS/male_pgnn_target-AGE_l2_fw-bmd_c2_80pct_knn5_VAEz15/age/results_knn5_l2_fw-bmd_c2_K30_p5.0_mu0.00173_VAEz15.csv,male_pgnn_target-AGE_l2_fw-bmd_c2_80pct_knn5_VAEz15
AGE,VAEz15,male_80pct,none,2,5,0.028284271,40,l2,40.05419992,0.549270263,55,0.000898581,,0,,/scratch/gsunka1/TDA_guoji/PGNN_ALL_RESULTS_mar30age_VAE_L2_WEIGHTS/male_pgnn_target-AGE_l2_fw-none_80pct_knn40_VAEz15/age/results_knn40_l2_fw-none_K5_p2.0_mu0.0283_VAEz15.csv,male_pgnn_target-AGE_l2_fw-none_80pct_knn40_VAEz15
AGE,VAEz15,penn_data_80pct,age_c,1000000,3200,1.77E-18,40,l2,38.26033689,0.579856325,97,0.002441569,/scratch/gsunka1/TDA_guoji/PGNN_ALL_RESULTS_mar30age_VAE_L2_WEIGHTS/penn_data_pgnn_target-AGE_l2_fw-age_c_80pct_knn40_VAEz15/age/VAEz15_feature_weights_age_power1_knn40.npy,15,"5:1.521, 4:1.307, 2:1.293, 12:1.289, 8:1.285, 13:1.27, 7:1.248, 14:1.24, 0:1.119, 1:1.058",/scratch/gsunka1/TDA_guoji/PGNN_ALL_RESULTS_mar30age_VAE_L2_WEIGHTS/penn_data_pgnn_target-AGE_l2_fw-age_c_80pct_knn40_VAEz15/age/results_knn40_l2_fw-age_c_K3200_p1000000.0_mu1.77e-18_VAEz15.csv,penn_data_pgnn_target-AGE_l2_fw-age_c_80pct_knn40_VAEz15
AGE,VAEz15,penn_data_80pct,age_c2,3,15,0.008164966,15,l2,37.82352813,0.589394913,123,0.003668994,/scratch/gsunka1/TDA_guoji/PGNN_ALL_RESULTS_mar30age_VAE_L2_WEIGHTS/penn_data_pgnn_target-AGE_l2_fw-age_c2_80pct_knn15_VAEz15/age/VAEz15_feature_weights_age_power2_knn15.npy,15,"5:1.967, 4:1.452, 2:1.422, 12:1.414, 8:1.405, 13:1.372, 7:1.324, 14:1.307, 0:1.064, 1:0.9526",/scratch/gsunka1/TDA_guoji/PGNN_ALL_RESULTS_mar30age_VAE_L2_WEIGHTS/penn_data_pgnn_target-AGE_l2_fw-age_c2_80pct_knn15_VAEz15/age/results_knn15_l2_fw-age_c2_K15_p3.0_mu0.00816_VAEz15.csv,penn_data_pgnn_target-AGE_l2_fw-age_c2_80pct_knn15_VAEz15
AGE,VAEz15,penn_data_80pct,alm_c,10,40,5.00E-05,10,l2,37.98923791,0.585789205,108,0.002942393,/scratch/gsunka1/TDA_guoji/PGNN_ALL_RESULTS_mar30age_VAE_L2_WEIGHTS/penn_data_pgnn_target-AGE_l2_fw-alm_c_80pct_knn10_VAEz15/age/VAEz15_feature_weights_alm_power1_knn10.npy,15,"0:1.267, 1:1.244, 7:1.222, 3:1.213, 4:1.199, 2:1.196, 8:1.145, 14:1.14, 5:1.132, 13:1.118",/scratch/gsunka1/TDA_guoji/PGNN_ALL_RESULTS_mar30age_VAE_L2_WEIGHTS/penn_data_pgnn_target-AGE_l2_fw-alm_c_80pct_knn10_VAEz15/age/results_knn10_l2_fw-alm_c_K40_p10.0_mu5e-05_VAEz15.csv,penn_data_pgnn_target-AGE_l2_fw-alm_c_80pct_knn10_VAEz15
AGE,VAEz15,penn_data_80pct,alm_c2,10,40,5.00E-05,20,l2,38.23655001,0.580378586,137,0.004378208,/scratch/gsunka1/TDA_guoji/PGNN_ALL_RESULTS_mar30age_VAE_L2_WEIGHTS/penn_data_pgnn_target-AGE_l2_fw-alm_c2_80pct_knn20_VAEz15/age/VAEz15_feature_weights_alm_power2_knn20.npy,15,"0:1.468, 1:1.415, 7:1.366, 3:1.345, 4:1.314, 2:1.308, 8:1.199, 14:1.19, 5:1.172, 13:1.143",/scratch/gsunka1/TDA_guoji/PGNN_ALL_RESULTS_mar30age_VAE_L2_WEIGHTS/penn_data_pgnn_target-AGE_l2_fw-alm_c2_80pct_knn20_VAEz15/age/results_knn20_l2_fw-alm_c2_K40_p10.0_mu5e-05_VAEz15.csv,penn_data_pgnn_target-AGE_l2_fw-alm_c2_80pct_knn20_VAEz15
AGE,VAEz15,penn_data_80pct,bfp_c,1000000,3200,1.77E-18,25,l2,38.26439199,0.579767282,119,0.003471151,/scratch/gsunka1/TDA_guoji/PGNN_ALL_RESULTS_mar30age_VAE_L2_WEIGHTS/penn_data_pgnn_target-AGE_l2_fw-bfp_c_80pct_knn25_VAEz15/age/VAEz15_feature_weights_bfp_power1_knn25.npy,15,"6:1.957, 11:1.955, 12:1.328, 9:1.303, 13:1.217, 14:1.075, 8:1.043, 4:0.9584, 2:0.8799, 10:0.8144",/scratch/gsunka1/TDA_guoji/PGNN_ALL_RESULTS_mar30age_VAE_L2_WEIGHTS/penn_data_pgnn_target-AGE_l2_fw-bfp_c_80pct_knn25_VAEz15/age/results_knn25_l2_fw-bfp_c_K3200_p1000000.0_mu1.77e-18_VAEz15.csv,penn_data_pgnn_target-AGE_l2_fw-bfp_c_80pct_knn25_VAEz15
AGE,VAEz15,penn_data_80pct,bfp_c2,3,15,0.008164966,25,l2,38.24739203,0.58014058,103,0.002710874,/scratch/gsunka1/TDA_guoji/PGNN_ALL_RESULTS_mar30age_VAE_L2_WEIGHTS/penn_data_pgnn_target-AGE_l2_fw-bfp_c2_80pct_knn25_VAEz15/age/VAEz15_feature_weights_bfp_power2_knn25.npy,15,"6:3.073, 11:3.067, 12:1.415, 9:1.363, 13:1.188, 14:0.9279, 8:0.8738, 4:0.7372, 2:0.6214, 10:0.5323",/scratch/gsunka1/TDA_guoji/PGNN_ALL_RESULTS_mar30age_VAE_L2_WEIGHTS/penn_data_pgnn_target-AGE_l2_fw-bfp_c2_80pct_knn25_VAEz15/age/results_knn25_l2_fw-bfp_c2_K15_p3.0_mu0.00816_VAEz15.csv,penn_data_pgnn_target-AGE_l2_fw-bfp_c2_80pct_knn25_VAEz15
AGE,VAEz15,penn_data_80pct,bmd_c,5,30,0.001732051,35,l2,37.78111241,0.590315308,117,0.003373247,/scratch/gsunka1/TDA_guoji/PGNN_ALL_RESULTS_mar30age_VAE_L2_WEIGHTS/penn_data_pgnn_target-AGE_l2_fw-bmd_c_80pct_knn35_VAEz15/age/VAEz15_feature_weights_bmd_power1_knn35.npy,15,"1:1.254, 0:1.227, 7:1.201, 14:1.183, 2:1.182, 4:1.175, 5:1.153, 13:1.102, 12:1.088, 8:1.056",/scratch/gsunka1/TDA_guoji/PGNN_ALL_RESULTS_mar30age_VAE_L2_WEIGHTS/penn_data_pgnn_target-AGE_l2_fw-bmd_c_80pct_knn35_VAEz15/age/results_knn35_l2_fw-bmd_c_K30_p5.0_mu0.00173_VAEz15.csv,penn_data_pgnn_target-AGE_l2_fw-bmd_c_80pct_knn35_VAEz15
AGE,VAEz15,penn_data_80pct,bmd_c2,5,30,0.001732051,10,l2,37.80908451,0.589708449,113,0.003179688,/scratch/gsunka1/TDA_guoji/PGNN_ALL_RESULTS_mar30age_VAE_L2_WEIGHTS/penn_data_pgnn_target-AGE_l2_fw-bmd_c2_80pct_knn10_VAEz15/age/VAEz15_feature_weights_bmd_power2_knn10.npy,15,"1:1.471, 0:1.407, 7:1.348, 14:1.309, 2:1.307, 4:1.291, 5:1.244, 13:1.136, 12:1.106, 8:1.042",/scratch/gsunka1/TDA_guoji/PGNN_ALL_RESULTS_mar30age_VAE_L2_WEIGHTS/penn_data_pgnn_target-AGE_l2_fw-bmd_c2_80pct_knn10_VAEz15/age/results_knn10_l2_fw-bmd_c2_K30_p5.0_mu0.00173_VAEz15.csv,penn_data_pgnn_target-AGE_l2_fw-bmd_c2_80pct_knn10_VAEz15
AGE,VAEz15,penn_data_80pct,none,10000,400,5.00E-13,20,l2,38.30189079,0.578943202,99,0.002530245,,0,,/scratch/gsunka1/TDA_guoji/PGNN_ALL_RESULTS_mar30age_VAE_L2_WEIGHTS/penn_data_pgnn_target-AGE_l2_fw-none_80pct_knn20_VAEz15/age/results_knn20_l2_fw-none_K400_p10000.0_mu5e-13_VAEz15.csv,penn_data_pgnn_target-AGE_l2_fw-none_80pct_knn20_VAEz15
